year,predicted_km2,wgms_km2,diff_km2
2005,2.8234,2.525,0.2984
2008,1.9613,2.451,-0.4897
2010,2.4121,2.446,-0.03390000000000004
2013,2.3214,2.289,0.032399999999999984
2016,2.1679,2.266,-0.09810000000000008
2017,1.5885,2.256,-0.6674999999999998
2020,2.1978,2.228074,-0.030273999999999912
